/*
Navicat MySQL Data Transfer

Source Server         : 某某管理系统
Source Server Version : 50632
Source Host           : 192.168.220.130:3306
Source Database       : that_day

Target Server Type    : MYSQL
Target Server Version : 50632
File Encoding         : 65001

Date: 2020-06-29 16:35:16
*/

SET FOREIGN_KEY_CHECKS=0;

-- ----------------------------
-- Table structure for gen_table
-- ----------------------------
DROP TABLE IF EXISTS `gen_table`;
CREATE TABLE `gen_table` (
  `table_id` bigint(20) NOT NULL AUTO_INCREMENT COMMENT '编号',
  `table_name` varchar(200) DEFAULT '' COMMENT '表名称',
  `table_comment` varchar(500) DEFAULT '' COMMENT '表描述',
  `class_name` varchar(100) DEFAULT '' COMMENT '实体类名称',
  `tpl_category` varchar(200) DEFAULT 'crud' COMMENT '使用的模板（crud单表操作 tree树表操作）',
  `package_name` varchar(100) DEFAULT NULL COMMENT '生成包路径',
  `module_name` varchar(30) DEFAULT NULL COMMENT '生成模块名',
  `business_name` varchar(30) DEFAULT NULL COMMENT '生成业务名',
  `function_name` varchar(50) DEFAULT NULL COMMENT '生成功能名',
  `function_author` varchar(50) DEFAULT NULL COMMENT '生成功能作者',
  `options` varchar(1000) DEFAULT NULL COMMENT '其它生成选项',
  `create_by` varchar(64) DEFAULT '' COMMENT '创建者',
  `create_time` datetime DEFAULT NULL COMMENT '创建时间',
  `update_by` varchar(64) DEFAULT '' COMMENT '更新者',
  `update_time` datetime DEFAULT NULL COMMENT '更新时间',
  `remark` varchar(500) DEFAULT NULL COMMENT '备注',
  PRIMARY KEY (`table_id`)
) ENGINE=InnoDB AUTO_INCREMENT=3 DEFAULT CHARSET=utf8mb4 COMMENT='代码生成业务表';

-- ----------------------------
-- Records of gen_table
-- ----------------------------
INSERT INTO `gen_table` VALUES ('2', 'sys_dept', '部门表', 'SysDept', 'crud', 'com.ruoyi.project.system', 'system', 'dept', '部门', 'ruoyi', null, 'admin', '2020-06-29 11:02:22', '', null, null);

-- ----------------------------
-- Table structure for gen_table_column
-- ----------------------------
DROP TABLE IF EXISTS `gen_table_column`;
CREATE TABLE `gen_table_column` (
  `column_id` bigint(20) NOT NULL AUTO_INCREMENT COMMENT '编号',
  `table_id` varchar(64) DEFAULT NULL COMMENT '归属表编号',
  `column_name` varchar(200) DEFAULT NULL COMMENT '列名称',
  `column_comment` varchar(500) DEFAULT NULL COMMENT '列描述',
  `column_type` varchar(100) DEFAULT NULL COMMENT '列类型',
  `java_type` varchar(500) DEFAULT NULL COMMENT 'JAVA类型',
  `java_field` varchar(200) DEFAULT NULL COMMENT 'JAVA字段名',
  `is_pk` char(1) DEFAULT NULL COMMENT '是否主键（1是）',
  `is_increment` char(1) DEFAULT NULL COMMENT '是否自增（1是）',
  `is_required` char(1) DEFAULT NULL COMMENT '是否必填（1是）',
  `is_insert` char(1) DEFAULT NULL COMMENT '是否为插入字段（1是）',
  `is_edit` char(1) DEFAULT NULL COMMENT '是否编辑字段（1是）',
  `is_list` char(1) DEFAULT NULL COMMENT '是否列表字段（1是）',
  `is_query` char(1) DEFAULT NULL COMMENT '是否查询字段（1是）',
  `query_type` varchar(200) DEFAULT 'EQ' COMMENT '查询方式（等于、不等于、大于、小于、范围）',
  `html_type` varchar(200) DEFAULT NULL COMMENT '显示类型（文本框、文本域、下拉框、复选框、单选框、日期控件）',
  `dict_type` varchar(200) DEFAULT '' COMMENT '字典类型',
  `sort` int(11) DEFAULT NULL COMMENT '排序',
  `create_by` varchar(64) DEFAULT '' COMMENT '创建者',
  `create_time` datetime DEFAULT NULL COMMENT '创建时间',
  `update_by` varchar(64) DEFAULT '' COMMENT '更新者',
  `update_time` datetime DEFAULT NULL COMMENT '更新时间',
  PRIMARY KEY (`column_id`)
) ENGINE=InnoDB AUTO_INCREMENT=25 DEFAULT CHARSET=utf8mb4 COMMENT='代码生成业务表字段';

-- ----------------------------
-- Records of gen_table_column
-- ----------------------------
INSERT INTO `gen_table_column` VALUES ('11', '2', 'dept_id', '部门id', 'bigint(20)', 'Long', 'deptId', '1', '1', null, '1', null, null, null, 'EQ', 'input', '', '1', 'admin', '2020-06-29 11:02:22', '', null);
INSERT INTO `gen_table_column` VALUES ('12', '2', 'parent_id', '父部门id', 'bigint(20)', 'Long', 'parentId', '0', '0', null, '1', '1', '1', '1', 'EQ', 'input', '', '2', 'admin', '2020-06-29 11:02:22', '', null);
INSERT INTO `gen_table_column` VALUES ('13', '2', 'ancestors', '祖级列表', 'varchar(50)', 'String', 'ancestors', '0', '0', null, '1', '1', '1', '1', 'EQ', 'input', '', '3', 'admin', '2020-06-29 11:02:22', '', null);
INSERT INTO `gen_table_column` VALUES ('14', '2', 'dept_name', '部门名称', 'varchar(30)', 'String', 'deptName', '0', '0', null, '1', '1', '1', '1', 'LIKE', 'input', '', '4', 'admin', '2020-06-29 11:02:22', '', null);
INSERT INTO `gen_table_column` VALUES ('15', '2', 'order_num', '显示顺序', 'int(4)', 'Integer', 'orderNum', '0', '0', null, '1', '1', '1', '1', 'EQ', 'input', '', '5', 'admin', '2020-06-29 11:02:22', '', null);
INSERT INTO `gen_table_column` VALUES ('16', '2', 'leader', '负责人', 'varchar(20)', 'String', 'leader', '0', '0', null, '1', '1', '1', '1', 'EQ', 'input', '', '6', 'admin', '2020-06-29 11:02:22', '', null);
INSERT INTO `gen_table_column` VALUES ('17', '2', 'phone', '联系电话', 'varchar(11)', 'String', 'phone', '0', '0', null, '1', '1', '1', '1', 'EQ', 'input', '', '7', 'admin', '2020-06-29 11:02:22', '', null);
INSERT INTO `gen_table_column` VALUES ('18', '2', 'email', '邮箱', 'varchar(50)', 'String', 'email', '0', '0', null, '1', '1', '1', '1', 'EQ', 'input', '', '8', 'admin', '2020-06-29 11:02:22', '', null);
INSERT INTO `gen_table_column` VALUES ('19', '2', 'status', '部门状态（0正常 1停用）', 'char(1)', 'String', 'status', '0', '0', null, '1', '1', '1', '1', 'EQ', 'radio', '', '9', 'admin', '2020-06-29 11:02:22', '', null);
INSERT INTO `gen_table_column` VALUES ('20', '2', 'del_flag', '删除标志（0代表存在 2代表删除）', 'char(1)', 'String', 'delFlag', '0', '0', null, '1', null, null, null, 'EQ', 'input', '', '10', 'admin', '2020-06-29 11:02:22', '', null);
INSERT INTO `gen_table_column` VALUES ('21', '2', 'create_by', '创建者', 'varchar(64)', 'String', 'createBy', '0', '0', null, '1', null, null, null, 'EQ', 'input', '', '11', 'admin', '2020-06-29 11:02:22', '', null);
INSERT INTO `gen_table_column` VALUES ('22', '2', 'create_time', '创建时间', 'datetime', 'Date', 'createTime', '0', '0', null, '1', null, null, null, 'EQ', 'datetime', '', '12', 'admin', '2020-06-29 11:02:22', '', null);
INSERT INTO `gen_table_column` VALUES ('23', '2', 'update_by', '更新者', 'varchar(64)', 'String', 'updateBy', '0', '0', null, '1', '1', null, null, 'EQ', 'input', '', '13', 'admin', '2020-06-29 11:02:22', '', null);
INSERT INTO `gen_table_column` VALUES ('24', '2', 'update_time', '更新时间', 'datetime', 'Date', 'updateTime', '0', '0', null, '1', '1', null, null, 'EQ', 'datetime', '', '14', 'admin', '2020-06-29 11:02:22', '', null);

-- ----------------------------
-- Table structure for QRTZ_BLOB_TRIGGERS
-- ----------------------------
DROP TABLE IF EXISTS `QRTZ_BLOB_TRIGGERS`;
CREATE TABLE `QRTZ_BLOB_TRIGGERS` (
  `sched_name` varchar(120) NOT NULL,
  `trigger_name` varchar(200) NOT NULL,
  `trigger_group` varchar(200) NOT NULL,
  `blob_data` blob,
  PRIMARY KEY (`sched_name`,`trigger_name`,`trigger_group`),
  CONSTRAINT `QRTZ_BLOB_TRIGGERS_ibfk_1` FOREIGN KEY (`sched_name`, `trigger_name`, `trigger_group`) REFERENCES `QRTZ_TRIGGERS` (`sched_name`, `trigger_name`, `trigger_group`)
) ENGINE=InnoDB DEFAULT CHARSET=utf8;

-- ----------------------------
-- Records of QRTZ_BLOB_TRIGGERS
-- ----------------------------

-- ----------------------------
-- Table structure for QRTZ_CALENDARS
-- ----------------------------
DROP TABLE IF EXISTS `QRTZ_CALENDARS`;
CREATE TABLE `QRTZ_CALENDARS` (
  `sched_name` varchar(120) NOT NULL,
  `calendar_name` varchar(200) NOT NULL,
  `calendar` blob NOT NULL,
  PRIMARY KEY (`sched_name`,`calendar_name`)
) ENGINE=InnoDB DEFAULT CHARSET=utf8;

-- ----------------------------
-- Records of QRTZ_CALENDARS
-- ----------------------------

-- ----------------------------
-- Table structure for QRTZ_CRON_TRIGGERS
-- ----------------------------
DROP TABLE IF EXISTS `QRTZ_CRON_TRIGGERS`;
CREATE TABLE `QRTZ_CRON_TRIGGERS` (
  `sched_name` varchar(120) NOT NULL,
  `trigger_name` varchar(200) NOT NULL,
  `trigger_group` varchar(200) NOT NULL,
  `cron_expression` varchar(200) NOT NULL,
  `time_zone_id` varchar(80) DEFAULT NULL,
  PRIMARY KEY (`sched_name`,`trigger_name`,`trigger_group`),
  CONSTRAINT `QRTZ_CRON_TRIGGERS_ibfk_1` FOREIGN KEY (`sched_name`, `trigger_name`, `trigger_group`) REFERENCES `QRTZ_TRIGGERS` (`sched_name`, `trigger_name`, `trigger_group`)
) ENGINE=InnoDB DEFAULT CHARSET=utf8;

-- ----------------------------
-- Records of QRTZ_CRON_TRIGGERS
-- ----------------------------
INSERT INTO `QRTZ_CRON_TRIGGERS` VALUES ('RuoyiScheduler', 'TASK_CLASS_NAME1', 'DEFAULT', '0/10 * * * * ?', 'Asia/Shanghai');
INSERT INTO `QRTZ_CRON_TRIGGERS` VALUES ('RuoyiScheduler', 'TASK_CLASS_NAME2', 'DEFAULT', '0/15 * * * * ?', 'Asia/Shanghai');
INSERT INTO `QRTZ_CRON_TRIGGERS` VALUES ('RuoyiScheduler', 'TASK_CLASS_NAME3', 'DEFAULT', '0/20 * * * * ?', 'Asia/Shanghai');

-- ----------------------------
-- Table structure for QRTZ_FIRED_TRIGGERS
-- ----------------------------
DROP TABLE IF EXISTS `QRTZ_FIRED_TRIGGERS`;
CREATE TABLE `QRTZ_FIRED_TRIGGERS` (
  `sched_name` varchar(120) NOT NULL,
  `entry_id` varchar(95) NOT NULL,
  `trigger_name` varchar(200) NOT NULL,
  `trigger_group` varchar(200) NOT NULL,
  `instance_name` varchar(200) NOT NULL,
  `fired_time` bigint(13) NOT NULL,
  `sched_time` bigint(13) NOT NULL,
  `priority` int(11) NOT NULL,
  `state` varchar(16) NOT NULL,
  `job_name` varchar(200) DEFAULT NULL,
  `job_group` varchar(200) DEFAULT NULL,
  `is_nonconcurrent` varchar(1) DEFAULT NULL,
  `requests_recovery` varchar(1) DEFAULT NULL,
  PRIMARY KEY (`sched_name`,`entry_id`)
) ENGINE=InnoDB DEFAULT CHARSET=utf8;

-- ----------------------------
-- Records of QRTZ_FIRED_TRIGGERS
-- ----------------------------

-- ----------------------------
-- Table structure for QRTZ_JOB_DETAILS
-- ----------------------------
DROP TABLE IF EXISTS `QRTZ_JOB_DETAILS`;
CREATE TABLE `QRTZ_JOB_DETAILS` (
  `sched_name` varchar(120) NOT NULL,
  `job_name` varchar(200) NOT NULL,
  `job_group` varchar(200) NOT NULL,
  `description` varchar(250) DEFAULT NULL,
  `job_class_name` varchar(250) NOT NULL,
  `is_durable` varchar(1) NOT NULL,
  `is_nonconcurrent` varchar(1) NOT NULL,
  `is_update_data` varchar(1) NOT NULL,
  `requests_recovery` varchar(1) NOT NULL,
  `job_data` blob,
  PRIMARY KEY (`sched_name`,`job_name`,`job_group`)
) ENGINE=InnoDB DEFAULT CHARSET=utf8;

-- ----------------------------
-- Records of QRTZ_JOB_DETAILS
-- ----------------------------
INSERT INTO `QRTZ_JOB_DETAILS` VALUES ('RuoyiScheduler', 'TASK_CLASS_NAME1', 'DEFAULT', null, 'com.mm.admin.common.utils.job.QuartzDisallowConcurrentExecution', '0', '1', '0', '0', 0xACED0005737200156F72672E71756172747A2E4A6F62446174614D61709FB083E8BFA9B0CB020000787200266F72672E71756172747A2E7574696C732E537472696E674B65794469727479466C61674D61708208E8C3FBC55D280200015A0013616C6C6F77735472616E7369656E74446174617872001D6F72672E71756172747A2E7574696C732E4469727479466C61674D617013E62EAD28760ACE0200025A000564697274794C00036D617074000F4C6A6176612F7574696C2F4D61703B787001737200116A6176612E7574696C2E486173684D61700507DAC1C31660D103000246000A6C6F6164466163746F724900097468726573686F6C6478703F4000000000000C7708000000100000000174000F5441534B5F50524F504552544945537372002A636F6D2E6D6D2E61646D696E2E70726F6A6563742E6D6F6E69746F722E646F6D61696E2E5379734A6F6200000000000000010200084C000A636F6E63757272656E747400124C6A6176612F6C616E672F537472696E673B4C000E63726F6E45787072657373696F6E71007E00094C000C696E766F6B6554617267657471007E00094C00086A6F6247726F757071007E00094C00056A6F6249647400104C6A6176612F6C616E672F4C6F6E673B4C00076A6F624E616D6571007E00094C000D6D697366697265506F6C69637971007E00094C000673746174757371007E00097872002C636F6D2E6D6D2E61646D696E2E6672616D65776F726B2E7765622E646F6D61696E2E42617365456E7469747900000000000000010200094C0009626567696E54696D6571007E00094C0008637265617465427971007E00094C000A63726561746554696D657400104C6A6176612F7574696C2F446174653B4C0007656E6454696D6571007E00094C0006706172616D7371007E00034C000672656D61726B71007E00094C000B73656172636856616C756571007E00094C0008757064617465427971007E00094C000A75706461746554696D6571007E000C78707074000561646D696E7372000E6A6176612E7574696C2E44617465686A81014B59741903000078707708000001622CDE29E07870707400007070707400013174000E302F3130202A202A202A202A203F74001172795461736B2E72794E6F506172616D7374000744454641554C547372000E6A6176612E6C616E672E4C6F6E673B8BE490CC8F23DF0200014A000576616C7565787200106A6176612E6C616E672E4E756D62657286AC951D0B94E08B02000078700000000000000001740018E7B3BBE7BB9FE9BB98E8AEA4EFBC88E697A0E58F82EFBC8974000133740001317800);
INSERT INTO `QRTZ_JOB_DETAILS` VALUES ('RuoyiScheduler', 'TASK_CLASS_NAME2', 'DEFAULT', null, 'com.mm.admin.common.utils.job.QuartzDisallowConcurrentExecution', '0', '1', '0', '0', 0xACED0005737200156F72672E71756172747A2E4A6F62446174614D61709FB083E8BFA9B0CB020000787200266F72672E71756172747A2E7574696C732E537472696E674B65794469727479466C61674D61708208E8C3FBC55D280200015A0013616C6C6F77735472616E7369656E74446174617872001D6F72672E71756172747A2E7574696C732E4469727479466C61674D617013E62EAD28760ACE0200025A000564697274794C00036D617074000F4C6A6176612F7574696C2F4D61703B787001737200116A6176612E7574696C2E486173684D61700507DAC1C31660D103000246000A6C6F6164466163746F724900097468726573686F6C6478703F4000000000000C7708000000100000000174000F5441534B5F50524F504552544945537372002A636F6D2E6D6D2E61646D696E2E70726F6A6563742E6D6F6E69746F722E646F6D61696E2E5379734A6F6200000000000000010200084C000A636F6E63757272656E747400124C6A6176612F6C616E672F537472696E673B4C000E63726F6E45787072657373696F6E71007E00094C000C696E766F6B6554617267657471007E00094C00086A6F6247726F757071007E00094C00056A6F6249647400104C6A6176612F6C616E672F4C6F6E673B4C00076A6F624E616D6571007E00094C000D6D697366697265506F6C69637971007E00094C000673746174757371007E00097872002C636F6D2E6D6D2E61646D696E2E6672616D65776F726B2E7765622E646F6D61696E2E42617365456E7469747900000000000000010200094C0009626567696E54696D6571007E00094C0008637265617465427971007E00094C000A63726561746554696D657400104C6A6176612F7574696C2F446174653B4C0007656E6454696D6571007E00094C0006706172616D7371007E00034C000672656D61726B71007E00094C000B73656172636856616C756571007E00094C0008757064617465427971007E00094C000A75706461746554696D6571007E000C78707074000561646D696E7372000E6A6176612E7574696C2E44617465686A81014B59741903000078707708000001622CDE29E07870707400007070707400013174000E302F3135202A202A202A202A203F74001572795461736B2E7279506172616D7328277279272974000744454641554C547372000E6A6176612E6C616E672E4C6F6E673B8BE490CC8F23DF0200014A000576616C7565787200106A6176612E6C616E672E4E756D62657286AC951D0B94E08B02000078700000000000000002740018E7B3BBE7BB9FE9BB98E8AEA4EFBC88E69C89E58F82EFBC8974000133740001317800);
INSERT INTO `QRTZ_JOB_DETAILS` VALUES ('RuoyiScheduler', 'TASK_CLASS_NAME3', 'DEFAULT', null, 'com.mm.admin.common.utils.job.QuartzDisallowConcurrentExecution', '0', '1', '0', '0', 0xACED0005737200156F72672E71756172747A2E4A6F62446174614D61709FB083E8BFA9B0CB020000787200266F72672E71756172747A2E7574696C732E537472696E674B65794469727479466C61674D61708208E8C3FBC55D280200015A0013616C6C6F77735472616E7369656E74446174617872001D6F72672E71756172747A2E7574696C732E4469727479466C61674D617013E62EAD28760ACE0200025A000564697274794C00036D617074000F4C6A6176612F7574696C2F4D61703B787001737200116A6176612E7574696C2E486173684D61700507DAC1C31660D103000246000A6C6F6164466163746F724900097468726573686F6C6478703F4000000000000C7708000000100000000174000F5441534B5F50524F504552544945537372002A636F6D2E6D6D2E61646D696E2E70726F6A6563742E6D6F6E69746F722E646F6D61696E2E5379734A6F6200000000000000010200084C000A636F6E63757272656E747400124C6A6176612F6C616E672F537472696E673B4C000E63726F6E45787072657373696F6E71007E00094C000C696E766F6B6554617267657471007E00094C00086A6F6247726F757071007E00094C00056A6F6249647400104C6A6176612F6C616E672F4C6F6E673B4C00076A6F624E616D6571007E00094C000D6D697366697265506F6C69637971007E00094C000673746174757371007E00097872002C636F6D2E6D6D2E61646D696E2E6672616D65776F726B2E7765622E646F6D61696E2E42617365456E7469747900000000000000010200094C0009626567696E54696D6571007E00094C0008637265617465427971007E00094C000A63726561746554696D657400104C6A6176612F7574696C2F446174653B4C0007656E6454696D6571007E00094C0006706172616D7371007E00034C000672656D61726B71007E00094C000B73656172636856616C756571007E00094C0008757064617465427971007E00094C000A75706461746554696D6571007E000C78707074000561646D696E7372000E6A6176612E7574696C2E44617465686A81014B59741903000078707708000001622CDE29E07870707400007070707400013174000E302F3230202A202A202A202A203F74003872795461736B2E72794D756C7469706C65506172616D7328277279272C20747275652C20323030304C2C203331362E3530442C203130302974000744454641554C547372000E6A6176612E6C616E672E4C6F6E673B8BE490CC8F23DF0200014A000576616C7565787200106A6176612E6C616E672E4E756D62657286AC951D0B94E08B02000078700000000000000003740018E7B3BBE7BB9FE9BB98E8AEA4EFBC88E5A49AE58F82EFBC8974000133740001317800);

-- ----------------------------
-- Table structure for QRTZ_LOCKS
-- ----------------------------
DROP TABLE IF EXISTS `QRTZ_LOCKS`;
CREATE TABLE `QRTZ_LOCKS` (
  `sched_name` varchar(120) NOT NULL,
  `lock_name` varchar(40) NOT NULL,
  PRIMARY KEY (`sched_name`,`lock_name`)
) ENGINE=InnoDB DEFAULT CHARSET=utf8;

-- ----------------------------
-- Records of QRTZ_LOCKS
-- ----------------------------
INSERT INTO `QRTZ_LOCKS` VALUES ('RuoyiScheduler', 'STATE_ACCESS');
INSERT INTO `QRTZ_LOCKS` VALUES ('RuoyiScheduler', 'TRIGGER_ACCESS');

-- ----------------------------
-- Table structure for QRTZ_PAUSED_TRIGGER_GRPS
-- ----------------------------
DROP TABLE IF EXISTS `QRTZ_PAUSED_TRIGGER_GRPS`;
CREATE TABLE `QRTZ_PAUSED_TRIGGER_GRPS` (
  `sched_name` varchar(120) NOT NULL,
  `trigger_group` varchar(200) NOT NULL,
  PRIMARY KEY (`sched_name`,`trigger_group`)
) ENGINE=InnoDB DEFAULT CHARSET=utf8;

-- ----------------------------
-- Records of QRTZ_PAUSED_TRIGGER_GRPS
-- ----------------------------

-- ----------------------------
-- Table structure for QRTZ_SCHEDULER_STATE
-- ----------------------------
DROP TABLE IF EXISTS `QRTZ_SCHEDULER_STATE`;
CREATE TABLE `QRTZ_SCHEDULER_STATE` (
  `sched_name` varchar(120) NOT NULL,
  `instance_name` varchar(200) NOT NULL,
  `last_checkin_time` bigint(13) NOT NULL,
  `checkin_interval` bigint(13) NOT NULL,
  PRIMARY KEY (`sched_name`,`instance_name`)
) ENGINE=InnoDB DEFAULT CHARSET=utf8;

-- ----------------------------
-- Records of QRTZ_SCHEDULER_STATE
-- ----------------------------
INSERT INTO `QRTZ_SCHEDULER_STATE` VALUES ('RuoyiScheduler', 'DESKTOP-IN7BSC31593419513090', '1593419711356', '15000');

-- ----------------------------
-- Table structure for QRTZ_SIMPLE_TRIGGERS
-- ----------------------------
DROP TABLE IF EXISTS `QRTZ_SIMPLE_TRIGGERS`;
CREATE TABLE `QRTZ_SIMPLE_TRIGGERS` (
  `sched_name` varchar(120) NOT NULL,
  `trigger_name` varchar(200) NOT NULL,
  `trigger_group` varchar(200) NOT NULL,
  `repeat_count` bigint(7) NOT NULL,
  `repeat_interval` bigint(12) NOT NULL,
  `times_triggered` bigint(10) NOT NULL,
  PRIMARY KEY (`sched_name`,`trigger_name`,`trigger_group`),
  CONSTRAINT `QRTZ_SIMPLE_TRIGGERS_ibfk_1` FOREIGN KEY (`sched_name`, `trigger_name`, `trigger_group`) REFERENCES `QRTZ_TRIGGERS` (`sched_name`, `trigger_name`, `trigger_group`)
) ENGINE=InnoDB DEFAULT CHARSET=utf8;

-- ----------------------------
-- Records of QRTZ_SIMPLE_TRIGGERS
-- ----------------------------

-- ----------------------------
-- Table structure for QRTZ_SIMPROP_TRIGGERS
-- ----------------------------
DROP TABLE IF EXISTS `QRTZ_SIMPROP_TRIGGERS`;
CREATE TABLE `QRTZ_SIMPROP_TRIGGERS` (
  `sched_name` varchar(120) NOT NULL,
  `trigger_name` varchar(200) NOT NULL,
  `trigger_group` varchar(200) NOT NULL,
  `str_prop_1` varchar(512) DEFAULT NULL,
  `str_prop_2` varchar(512) DEFAULT NULL,
  `str_prop_3` varchar(512) DEFAULT NULL,
  `int_prop_1` int(11) DEFAULT NULL,
  `int_prop_2` int(11) DEFAULT NULL,
  `long_prop_1` bigint(20) DEFAULT NULL,
  `long_prop_2` bigint(20) DEFAULT NULL,
  `dec_prop_1` decimal(13,4) DEFAULT NULL,
  `dec_prop_2` decimal(13,4) DEFAULT NULL,
  `bool_prop_1` varchar(1) DEFAULT NULL,
  `bool_prop_2` varchar(1) DEFAULT NULL,
  PRIMARY KEY (`sched_name`,`trigger_name`,`trigger_group`),
  CONSTRAINT `QRTZ_SIMPROP_TRIGGERS_ibfk_1` FOREIGN KEY (`sched_name`, `trigger_name`, `trigger_group`) REFERENCES `QRTZ_TRIGGERS` (`sched_name`, `trigger_name`, `trigger_group`)
) ENGINE=InnoDB DEFAULT CHARSET=utf8;

-- ----------------------------
-- Records of QRTZ_SIMPROP_TRIGGERS
-- ----------------------------

-- ----------------------------
-- Table structure for QRTZ_TRIGGERS
-- ----------------------------
DROP TABLE IF EXISTS `QRTZ_TRIGGERS`;
CREATE TABLE `QRTZ_TRIGGERS` (
  `sched_name` varchar(120) NOT NULL,
  `trigger_name` varchar(200) NOT NULL,
  `trigger_group` varchar(200) NOT NULL,
  `job_name` varchar(200) NOT NULL,
  `job_group` varchar(200) NOT NULL,
  `description` varchar(250) DEFAULT NULL,
  `next_fire_time` bigint(13) DEFAULT NULL,
  `prev_fire_time` bigint(13) DEFAULT NULL,
  `priority` int(11) DEFAULT NULL,
  `trigger_state` varchar(16) NOT NULL,
  `trigger_type` varchar(8) NOT NULL,
  `start_time` bigint(13) NOT NULL,
  `end_time` bigint(13) DEFAULT NULL,
  `calendar_name` varchar(200) DEFAULT NULL,
  `misfire_instr` smallint(2) DEFAULT NULL,
  `job_data` blob,
  PRIMARY KEY (`sched_name`,`trigger_name`,`trigger_group`),
  KEY `sched_name` (`sched_name`,`job_name`,`job_group`),
  CONSTRAINT `QRTZ_TRIGGERS_ibfk_1` FOREIGN KEY (`sched_name`, `job_name`, `job_group`) REFERENCES `QRTZ_JOB_DETAILS` (`sched_name`, `job_name`, `job_group`)
) ENGINE=InnoDB DEFAULT CHARSET=utf8;

-- ----------------------------
-- Records of QRTZ_TRIGGERS
-- ----------------------------
INSERT INTO `QRTZ_TRIGGERS` VALUES ('RuoyiScheduler', 'TASK_CLASS_NAME1', 'DEFAULT', 'TASK_CLASS_NAME1', 'DEFAULT', null, '1593419520000', '-1', '5', 'PAUSED', 'CRON', '1593419513000', '0', null, '2', '');
INSERT INTO `QRTZ_TRIGGERS` VALUES ('RuoyiScheduler', 'TASK_CLASS_NAME2', 'DEFAULT', 'TASK_CLASS_NAME2', 'DEFAULT', null, '1593419520000', '-1', '5', 'PAUSED', 'CRON', '1593419513000', '0', null, '2', '');
INSERT INTO `QRTZ_TRIGGERS` VALUES ('RuoyiScheduler', 'TASK_CLASS_NAME3', 'DEFAULT', 'TASK_CLASS_NAME3', 'DEFAULT', null, '1593419520000', '-1', '5', 'PAUSED', 'CRON', '1593419513000', '0', null, '2', '');

-- ----------------------------
-- Table structure for sys_config
-- ----------------------------
DROP TABLE IF EXISTS `sys_config`;
CREATE TABLE `sys_config` (
  `config_id` int(5) NOT NULL AUTO_INCREMENT COMMENT '参数主键',
  `config_name` varchar(100) DEFAULT '' COMMENT '参数名称',
  `config_key` varchar(100) DEFAULT '' COMMENT '参数键名',
  `config_value` varchar(500) DEFAULT '' COMMENT '参数键值',
  `config_type` char(1) DEFAULT 'N' COMMENT '系统内置（Y是 N否）',
  `create_by` varchar(64) DEFAULT '' COMMENT '创建者',
  `create_time` datetime DEFAULT NULL COMMENT '创建时间',
  `update_by` varchar(64) DEFAULT '' COMMENT '更新者',
  `update_time` datetime DEFAULT NULL COMMENT '更新时间',
  `remark` varchar(500) DEFAULT NULL COMMENT '备注',
  PRIMARY KEY (`config_id`)
) ENGINE=InnoDB AUTO_INCREMENT=4 DEFAULT CHARSET=utf8mb4 COMMENT='参数配置表';

-- ----------------------------
-- Records of sys_config
-- ----------------------------
INSERT INTO `sys_config` VALUES ('1', '主框架页-默认皮肤样式名称', 'sys.index.skinName', 'skin-blue', 'Y', 'admin', '2018-03-16 11:33:00', 'ry', '2018-03-16 11:33:00', '蓝色 skin-blue、绿色 skin-green、紫色 skin-purple、红色 skin-red、黄色 skin-yellow');
INSERT INTO `sys_config` VALUES ('2', '用户管理-账号初始密码', 'sys.user.initPassword', '123456', 'Y', 'admin', '2018-03-16 11:33:00', 'ry', '2018-03-16 11:33:00', '初始化密码 123456');
INSERT INTO `sys_config` VALUES ('3', '主框架页-侧边栏主题', 'sys.index.sideTheme', 'theme-dark', 'Y', 'admin', '2018-03-16 11:33:00', 'ry', '2018-03-16 11:33:00', '深色主题theme-dark，浅色主题theme-light');

-- ----------------------------
-- Table structure for sys_dept
-- ----------------------------
DROP TABLE IF EXISTS `sys_dept`;
CREATE TABLE `sys_dept` (
  `dept_id` bigint(20) NOT NULL AUTO_INCREMENT COMMENT '部门id',
  `parent_id` bigint(20) DEFAULT '0' COMMENT '父部门id',
  `ancestors` varchar(50) DEFAULT '' COMMENT '祖级列表',
  `dept_name` varchar(30) DEFAULT '' COMMENT '部门名称',
  `order_num` int(4) DEFAULT '0' COMMENT '显示顺序',
  `leader` varchar(20) DEFAULT NULL COMMENT '负责人',
  `phone` varchar(11) DEFAULT NULL COMMENT '联系电话',
  `email` varchar(50) DEFAULT NULL COMMENT '邮箱',
  `status` char(1) DEFAULT '0' COMMENT '部门状态（0正常 1停用）',
  `del_flag` char(1) DEFAULT '0' COMMENT '删除标志（0代表存在 2代表删除）',
  `create_by` varchar(64) DEFAULT '' COMMENT '创建者',
  `create_time` datetime DEFAULT NULL COMMENT '创建时间',
  `update_by` varchar(64) DEFAULT '' COMMENT '更新者',
  `update_time` datetime DEFAULT NULL COMMENT '更新时间',
  PRIMARY KEY (`dept_id`)
) ENGINE=InnoDB AUTO_INCREMENT=112 DEFAULT CHARSET=utf8mb4 COMMENT='部门表';

-- ----------------------------
-- Records of sys_dept
-- ----------------------------
INSERT INTO `sys_dept` VALUES ('100', '0', '0', '某某科技', '0', '某某', '', '', '0', '0', 'admin', '2018-03-16 11:33:00', 'admin', '2020-06-29 16:01:54');
INSERT INTO `sys_dept` VALUES ('110', '100', '0,100', '研发部', '1', 'King', null, null, '0', '0', 'admin', '2020-06-29 16:01:24', '', null);
INSERT INTO `sys_dept` VALUES ('111', '100', '0,100', '运营部', '2', 'King', null, null, '0', '0', 'admin', '2020-06-29 16:01:43', '', null);

-- ----------------------------
-- Table structure for sys_dict_data
-- ----------------------------
DROP TABLE IF EXISTS `sys_dict_data`;
CREATE TABLE `sys_dict_data` (
  `dict_code` bigint(20) NOT NULL AUTO_INCREMENT COMMENT '字典编码',
  `dict_sort` int(4) DEFAULT '0' COMMENT '字典排序',
  `dict_label` varchar(100) DEFAULT '' COMMENT '字典标签',
  `dict_value` varchar(100) DEFAULT '' COMMENT '字典键值',
  `dict_type` varchar(100) DEFAULT '' COMMENT '字典类型',
  `css_class` varchar(100) DEFAULT NULL COMMENT '样式属性（其他样式扩展）',
  `list_class` varchar(100) DEFAULT NULL COMMENT '表格回显样式',
  `is_default` char(1) DEFAULT 'N' COMMENT '是否默认（Y是 N否）',
  `status` char(1) DEFAULT '0' COMMENT '状态（0正常 1停用）',
  `create_by` varchar(64) DEFAULT '' COMMENT '创建者',
  `create_time` datetime DEFAULT NULL COMMENT '创建时间',
  `update_by` varchar(64) DEFAULT '' COMMENT '更新者',
  `update_time` datetime DEFAULT NULL COMMENT '更新时间',
  `remark` varchar(500) DEFAULT NULL COMMENT '备注',
  PRIMARY KEY (`dict_code`)
) ENGINE=InnoDB AUTO_INCREMENT=29 DEFAULT CHARSET=utf8mb4 COMMENT='字典数据表';

-- ----------------------------
-- Records of sys_dict_data
-- ----------------------------
INSERT INTO `sys_dict_data` VALUES ('1', '1', '男', '0', 'sys_user_sex', '', '', 'Y', '0', 'admin', '2018-03-16 11:33:00', 'ry', '2018-03-16 11:33:00', '性别男');
INSERT INTO `sys_dict_data` VALUES ('2', '2', '女', '1', 'sys_user_sex', '', '', 'N', '0', 'admin', '2018-03-16 11:33:00', 'ry', '2018-03-16 11:33:00', '性别女');
INSERT INTO `sys_dict_data` VALUES ('3', '3', '未知', '2', 'sys_user_sex', '', '', 'N', '0', 'admin', '2018-03-16 11:33:00', 'ry', '2018-03-16 11:33:00', '性别未知');
INSERT INTO `sys_dict_data` VALUES ('4', '1', '显示', '0', 'sys_show_hide', '', 'primary', 'Y', '0', 'admin', '2018-03-16 11:33:00', 'ry', '2018-03-16 11:33:00', '显示菜单');
INSERT INTO `sys_dict_data` VALUES ('5', '2', '隐藏', '1', 'sys_show_hide', '', 'danger', 'N', '0', 'admin', '2018-03-16 11:33:00', 'ry', '2018-03-16 11:33:00', '隐藏菜单');
INSERT INTO `sys_dict_data` VALUES ('6', '1', '正常', '0', 'sys_normal_disable', '', 'primary', 'Y', '0', 'admin', '2018-03-16 11:33:00', 'ry', '2018-03-16 11:33:00', '正常状态');
INSERT INTO `sys_dict_data` VALUES ('7', '2', '停用', '1', 'sys_normal_disable', '', 'danger', 'N', '0', 'admin', '2018-03-16 11:33:00', 'ry', '2018-03-16 11:33:00', '停用状态');
INSERT INTO `sys_dict_data` VALUES ('8', '1', '正常', '0', 'sys_job_status', '', 'primary', 'Y', '0', 'admin', '2018-03-16 11:33:00', 'ry', '2018-03-16 11:33:00', '正常状态');
INSERT INTO `sys_dict_data` VALUES ('9', '2', '暂停', '1', 'sys_job_status', '', 'danger', 'N', '0', 'admin', '2018-03-16 11:33:00', 'ry', '2018-03-16 11:33:00', '停用状态');
INSERT INTO `sys_dict_data` VALUES ('10', '1', '默认', 'DEFAULT', 'sys_job_group', '', '', 'Y', '0', 'admin', '2018-03-16 11:33:00', 'ry', '2018-03-16 11:33:00', '默认分组');
INSERT INTO `sys_dict_data` VALUES ('11', '2', '系统', 'SYSTEM', 'sys_job_group', '', '', 'N', '0', 'admin', '2018-03-16 11:33:00', 'ry', '2018-03-16 11:33:00', '系统分组');
INSERT INTO `sys_dict_data` VALUES ('12', '1', '是', 'Y', 'sys_yes_no', '', 'primary', 'Y', '0', 'admin', '2018-03-16 11:33:00', 'ry', '2018-03-16 11:33:00', '系统默认是');
INSERT INTO `sys_dict_data` VALUES ('13', '2', '否', 'N', 'sys_yes_no', '', 'danger', 'N', '0', 'admin', '2018-03-16 11:33:00', 'ry', '2018-03-16 11:33:00', '系统默认否');
INSERT INTO `sys_dict_data` VALUES ('18', '1', '新增', '1', 'sys_oper_type', '', 'info', 'N', '0', 'admin', '2018-03-16 11:33:00', 'ry', '2018-03-16 11:33:00', '新增操作');
INSERT INTO `sys_dict_data` VALUES ('19', '2', '修改', '2', 'sys_oper_type', '', 'info', 'N', '0', 'admin', '2018-03-16 11:33:00', 'ry', '2018-03-16 11:33:00', '修改操作');
INSERT INTO `sys_dict_data` VALUES ('20', '3', '删除', '3', 'sys_oper_type', '', 'danger', 'N', '0', 'admin', '2018-03-16 11:33:00', 'ry', '2018-03-16 11:33:00', '删除操作');
INSERT INTO `sys_dict_data` VALUES ('21', '4', '授权', '4', 'sys_oper_type', '', 'primary', 'N', '0', 'admin', '2018-03-16 11:33:00', 'ry', '2018-03-16 11:33:00', '授权操作');
INSERT INTO `sys_dict_data` VALUES ('22', '5', '导出', '5', 'sys_oper_type', '', 'warning', 'N', '0', 'admin', '2018-03-16 11:33:00', 'ry', '2018-03-16 11:33:00', '导出操作');
INSERT INTO `sys_dict_data` VALUES ('23', '6', '导入', '6', 'sys_oper_type', '', 'warning', 'N', '0', 'admin', '2018-03-16 11:33:00', 'ry', '2018-03-16 11:33:00', '导入操作');
INSERT INTO `sys_dict_data` VALUES ('24', '7', '强退', '7', 'sys_oper_type', '', 'danger', 'N', '0', 'admin', '2018-03-16 11:33:00', 'ry', '2018-03-16 11:33:00', '强退操作');
INSERT INTO `sys_dict_data` VALUES ('25', '8', '生成代码', '8', 'sys_oper_type', '', 'warning', 'N', '0', 'admin', '2018-03-16 11:33:00', 'ry', '2018-03-16 11:33:00', '生成操作');
INSERT INTO `sys_dict_data` VALUES ('26', '9', '清空数据', '9', 'sys_oper_type', '', 'danger', 'N', '0', 'admin', '2018-03-16 11:33:00', 'ry', '2018-03-16 11:33:00', '清空操作');
INSERT INTO `sys_dict_data` VALUES ('27', '1', '成功', '0', 'sys_common_status', '', 'primary', 'N', '0', 'admin', '2018-03-16 11:33:00', 'ry', '2018-03-16 11:33:00', '正常状态');
INSERT INTO `sys_dict_data` VALUES ('28', '2', '失败', '1', 'sys_common_status', '', 'danger', 'N', '0', 'admin', '2018-03-16 11:33:00', 'ry', '2018-03-16 11:33:00', '停用状态');

-- ----------------------------
-- Table structure for sys_dict_type
-- ----------------------------
DROP TABLE IF EXISTS `sys_dict_type`;
CREATE TABLE `sys_dict_type` (
  `dict_id` bigint(20) NOT NULL AUTO_INCREMENT COMMENT '字典主键',
  `dict_name` varchar(100) DEFAULT '' COMMENT '字典名称',
  `dict_type` varchar(100) DEFAULT '' COMMENT '字典类型',
  `status` char(1) DEFAULT '0' COMMENT '状态（0正常 1停用）',
  `create_by` varchar(64) DEFAULT '' COMMENT '创建者',
  `create_time` datetime DEFAULT NULL COMMENT '创建时间',
  `update_by` varchar(64) DEFAULT '' COMMENT '更新者',
  `update_time` datetime DEFAULT NULL COMMENT '更新时间',
  `remark` varchar(500) DEFAULT NULL COMMENT '备注',
  PRIMARY KEY (`dict_id`),
  UNIQUE KEY `dict_type` (`dict_type`)
) ENGINE=InnoDB AUTO_INCREMENT=11 DEFAULT CHARSET=utf8mb4 COMMENT='字典类型表';

-- ----------------------------
-- Records of sys_dict_type
-- ----------------------------
INSERT INTO `sys_dict_type` VALUES ('1', '用户性别', 'sys_user_sex', '0', 'admin', '2018-03-16 11:33:00', 'ry', '2018-03-16 11:33:00', '用户性别列表');
INSERT INTO `sys_dict_type` VALUES ('2', '菜单状态', 'sys_show_hide', '0', 'admin', '2018-03-16 11:33:00', 'ry', '2018-03-16 11:33:00', '菜单状态列表');
INSERT INTO `sys_dict_type` VALUES ('3', '系统开关', 'sys_normal_disable', '0', 'admin', '2018-03-16 11:33:00', 'ry', '2018-03-16 11:33:00', '系统开关列表');
INSERT INTO `sys_dict_type` VALUES ('4', '任务状态', 'sys_job_status', '0', 'admin', '2018-03-16 11:33:00', 'ry', '2018-03-16 11:33:00', '任务状态列表');
INSERT INTO `sys_dict_type` VALUES ('5', '任务分组', 'sys_job_group', '0', 'admin', '2018-03-16 11:33:00', 'ry', '2018-03-16 11:33:00', '任务分组列表');
INSERT INTO `sys_dict_type` VALUES ('6', '系统是否', 'sys_yes_no', '0', 'admin', '2018-03-16 11:33:00', 'ry', '2018-03-16 11:33:00', '系统是否列表');
INSERT INTO `sys_dict_type` VALUES ('9', '操作类型', 'sys_oper_type', '0', 'admin', '2018-03-16 11:33:00', 'ry', '2018-03-16 11:33:00', '操作类型列表');
INSERT INTO `sys_dict_type` VALUES ('10', '系统状态', 'sys_common_status', '0', 'admin', '2018-03-16 11:33:00', 'ry', '2018-03-16 11:33:00', '登录状态列表');

-- ----------------------------
-- Table structure for sys_job
-- ----------------------------
DROP TABLE IF EXISTS `sys_job`;
CREATE TABLE `sys_job` (
  `job_id` bigint(20) NOT NULL AUTO_INCREMENT COMMENT '任务ID',
  `job_name` varchar(64) NOT NULL DEFAULT '' COMMENT '任务名称',
  `job_group` varchar(64) NOT NULL DEFAULT 'DEFAULT' COMMENT '任务组名',
  `invoke_target` varchar(500) NOT NULL COMMENT '调用目标字符串',
  `cron_expression` varchar(255) DEFAULT '' COMMENT 'cron执行表达式',
  `misfire_policy` varchar(20) DEFAULT '3' COMMENT '计划执行错误策略（1立即执行 2执行一次 3放弃执行）',
  `concurrent` char(1) DEFAULT '1' COMMENT '是否并发执行（0允许 1禁止）',
  `status` char(1) DEFAULT '0' COMMENT '状态（0正常 1暂停）',
  `create_by` varchar(64) DEFAULT '' COMMENT '创建者',
  `create_time` datetime DEFAULT NULL COMMENT '创建时间',
  `update_by` varchar(64) DEFAULT '' COMMENT '更新者',
  `update_time` datetime DEFAULT NULL COMMENT '更新时间',
  `remark` varchar(500) DEFAULT '' COMMENT '备注信息',
  PRIMARY KEY (`job_id`,`job_name`,`job_group`)
) ENGINE=InnoDB AUTO_INCREMENT=4 DEFAULT CHARSET=utf8mb4 COMMENT='定时任务调度表';

-- ----------------------------
-- Records of sys_job
-- ----------------------------
INSERT INTO `sys_job` VALUES ('1', '系统默认（无参）', 'DEFAULT', 'ryTask.ryNoParams', '0/10 * * * * ?', '3', '1', '1', 'admin', '2018-03-16 11:33:00', 'ry', '2018-03-16 11:33:00', '');
INSERT INTO `sys_job` VALUES ('2', '系统默认（有参）', 'DEFAULT', 'ryTask.ryParams(\'ry\')', '0/15 * * * * ?', '3', '1', '1', 'admin', '2018-03-16 11:33:00', 'ry', '2018-03-16 11:33:00', '');
INSERT INTO `sys_job` VALUES ('3', '系统默认（多参）', 'DEFAULT', 'ryTask.ryMultipleParams(\'ry\', true, 2000L, 316.50D, 100)', '0/20 * * * * ?', '3', '1', '1', 'admin', '2018-03-16 11:33:00', 'ry', '2018-03-16 11:33:00', '');

-- ----------------------------
-- Table structure for sys_job_log
-- ----------------------------
DROP TABLE IF EXISTS `sys_job_log`;
CREATE TABLE `sys_job_log` (
  `job_log_id` bigint(20) NOT NULL AUTO_INCREMENT COMMENT '任务日志ID',
  `job_name` varchar(64) NOT NULL COMMENT '任务名称',
  `job_group` varchar(64) NOT NULL COMMENT '任务组名',
  `invoke_target` varchar(500) NOT NULL COMMENT '调用目标字符串',
  `job_message` varchar(500) DEFAULT NULL COMMENT '日志信息',
  `status` char(1) DEFAULT '0' COMMENT '执行状态（0正常 1失败）',
  `exception_info` varchar(2000) DEFAULT '' COMMENT '异常信息',
  `create_time` datetime DEFAULT NULL COMMENT '创建时间',
  PRIMARY KEY (`job_log_id`)
) ENGINE=InnoDB DEFAULT CHARSET=utf8mb4 COMMENT='定时任务调度日志表';

-- ----------------------------
-- Records of sys_job_log
-- ----------------------------

-- ----------------------------
-- Table structure for sys_logininfor
-- ----------------------------
DROP TABLE IF EXISTS `sys_logininfor`;
CREATE TABLE `sys_logininfor` (
  `info_id` bigint(20) NOT NULL AUTO_INCREMENT COMMENT '访问ID',
  `user_name` varchar(50) DEFAULT '' COMMENT '用户账号',
  `ipaddr` varchar(50) DEFAULT '' COMMENT '登录IP地址',
  `login_location` varchar(255) DEFAULT '' COMMENT '登录地点',
  `browser` varchar(50) DEFAULT '' COMMENT '浏览器类型',
  `os` varchar(50) DEFAULT '' COMMENT '操作系统',
  `status` char(1) DEFAULT '0' COMMENT '登录状态（0成功 1失败）',
  `msg` varchar(255) DEFAULT '' COMMENT '提示消息',
  `login_time` datetime DEFAULT NULL COMMENT '访问时间',
  PRIMARY KEY (`info_id`)
) ENGINE=InnoDB AUTO_INCREMENT=2 DEFAULT CHARSET=utf8mb4 COMMENT='系统访问记录';

-- ----------------------------
-- Records of sys_logininfor
-- ----------------------------
INSERT INTO `sys_logininfor` VALUES ('1', 'admin', '127.0.0.1', '内网IP', 'Chrome', 'Windows 10', '0', '登录成功', '2020-06-29 16:32:10');

-- ----------------------------
-- Table structure for sys_menu
-- ----------------------------
DROP TABLE IF EXISTS `sys_menu`;
CREATE TABLE `sys_menu` (
  `menu_id` bigint(20) NOT NULL AUTO_INCREMENT COMMENT '菜单ID',
  `menu_name` varchar(50) NOT NULL COMMENT '菜单名称',
  `parent_id` bigint(20) DEFAULT '0' COMMENT '父菜单ID',
  `order_num` int(4) DEFAULT '0' COMMENT '显示顺序',
  `path` varchar(200) DEFAULT '' COMMENT '路由地址',
  `component` varchar(255) DEFAULT NULL COMMENT '组件路径',
  `is_frame` int(1) DEFAULT '1' COMMENT '是否为外链（0是 1否）',
  `menu_type` char(1) DEFAULT '' COMMENT '菜单类型（M目录 C菜单 F按钮）',
  `visible` char(1) DEFAULT '0' COMMENT '菜单状态（0显示 1隐藏）',
  `status` char(1) DEFAULT '0' COMMENT '菜单状态（0正常 1停用）',
  `perms` varchar(100) DEFAULT NULL COMMENT '权限标识',
  `icon` varchar(100) DEFAULT '#' COMMENT '菜单图标',
  `create_by` varchar(64) DEFAULT '' COMMENT '创建者',
  `create_time` datetime DEFAULT NULL COMMENT '创建时间',
  `update_by` varchar(64) DEFAULT '' COMMENT '更新者',
  `update_time` datetime DEFAULT NULL COMMENT '更新时间',
  `remark` varchar(500) DEFAULT '' COMMENT '备注',
  PRIMARY KEY (`menu_id`)
) ENGINE=InnoDB AUTO_INCREMENT=1061 DEFAULT CHARSET=utf8mb4 COMMENT='菜单权限表';

-- ----------------------------
-- Records of sys_menu
-- ----------------------------
INSERT INTO `sys_menu` VALUES ('1', '系统管理', '0', '1', 'system', null, '1', 'M', '0', '0', '', 'system', 'admin', '2018-03-16 11:33:00', 'ry', '2018-03-16 11:33:00', '系统管理目录');
INSERT INTO `sys_menu` VALUES ('3', '开发工具', '0', '2', 'tool', null, '1', 'M', '0', '0', '', 'tool', 'admin', '2018-03-16 11:33:00', 'admin', '2020-06-29 15:39:44', '系统工具目录');
INSERT INTO `sys_menu` VALUES ('4', '百度', '0', '3', 'http://baidu.com', null, '0', 'M', '1', '0', '', 'guide', 'admin', '2018-03-16 11:33:00', 'ry', '2018-03-16 11:33:00', '若依官网地址');
INSERT INTO `sys_menu` VALUES ('100', '用户管理', '1', '1', 'user', 'system/user/index', '1', 'C', '0', '0', 'system:user:list', 'user', 'admin', '2018-03-16 11:33:00', 'ry', '2018-03-16 11:33:00', '用户管理菜单');
INSERT INTO `sys_menu` VALUES ('101', '角色管理', '1', '2', 'role', 'system/role/index', '1', 'C', '0', '0', 'system:role:list', 'peoples', 'admin', '2018-03-16 11:33:00', 'ry', '2018-03-16 11:33:00', '角色管理菜单');
INSERT INTO `sys_menu` VALUES ('102', '菜单管理', '1', '3', 'menu', 'system/menu/index', '1', 'C', '0', '0', 'system:menu:list', 'tree-table', 'admin', '2018-03-16 11:33:00', 'ry', '2018-03-16 11:33:00', '菜单管理菜单');
INSERT INTO `sys_menu` VALUES ('103', '部门管理', '1', '4', 'dept', 'system/dept/index', '1', 'C', '0', '0', 'system:dept:list', 'tree', 'admin', '2018-03-16 11:33:00', 'ry', '2018-03-16 11:33:00', '部门管理菜单');
INSERT INTO `sys_menu` VALUES ('104', '岗位管理', '1', '5', 'post', 'system/post/index', '1', 'C', '0', '0', 'system:post:list', 'post', 'admin', '2018-03-16 11:33:00', 'ry', '2018-03-16 11:33:00', '岗位管理菜单');
INSERT INTO `sys_menu` VALUES ('105', '字典管理', '1', '6', 'dict', 'system/dict/index', '1', 'C', '0', '0', 'system:dict:list', 'dict', 'admin', '2018-03-16 11:33:00', 'ry', '2018-03-16 11:33:00', '字典管理菜单');
INSERT INTO `sys_menu` VALUES ('106', '参数设置', '1', '7', 'config', 'system/config/index', '1', 'C', '0', '0', 'system:config:list', 'edit', 'admin', '2018-03-16 11:33:00', 'ry', '2018-03-16 11:33:00', '参数设置菜单');
INSERT INTO `sys_menu` VALUES ('108', '日志管理', '1', '9', 'log', 'system/log/index', '1', 'M', '0', '0', '', 'log', 'admin', '2018-03-16 11:33:00', 'ry', '2018-03-16 11:33:00', '日志管理菜单');
INSERT INTO `sys_menu` VALUES ('109', '在线用户', '1', '8', 'online', 'monitor/online/index', '1', 'C', '0', '0', 'monitor:online:list', 'online', 'admin', '2018-03-16 11:33:00', 'admin', '2020-06-29 15:48:22', '在线用户菜单');
INSERT INTO `sys_menu` VALUES ('110', '定时任务', '3', '2', 'job', 'monitor/job/index', '1', 'C', '0', '0', 'monitor:job:list', 'job', 'admin', '2018-03-16 11:33:00', 'admin', '2020-06-29 15:34:52', '定时任务菜单');
INSERT INTO `sys_menu` VALUES ('113', '表单构建', '3', '3', 'build', 'tool/build/index', '1', 'C', '0', '0', 'tool:build:list', 'build', 'admin', '2018-03-16 11:33:00', 'admin', '2020-06-29 15:38:57', '表单构建菜单');
INSERT INTO `sys_menu` VALUES ('114', '代码生成', '3', '2', 'gen', 'tool/gen/index', '1', 'C', '0', '0', 'tool:gen:list', 'code', 'admin', '2018-03-16 11:33:00', 'ry', '2018-03-16 11:33:00', '代码生成菜单');
INSERT INTO `sys_menu` VALUES ('115', '系统接口', '3', '3', 'swagger', 'tool/swagger/index', '0', 'C', '0', '0', 'tool:swagger:list', 'swagger', 'admin', '2018-03-16 11:33:00', 'ry', '2018-03-16 11:33:00', '系统接口菜单');
INSERT INTO `sys_menu` VALUES ('500', '操作日志', '108', '1', 'operlog', 'monitor/operlog/index', '1', 'C', '0', '0', 'monitor:operlog:list', 'form', 'admin', '2018-03-16 11:33:00', 'ry', '2018-03-16 11:33:00', '操作日志菜单');
INSERT INTO `sys_menu` VALUES ('501', '登录日志', '108', '2', 'logininfor', 'monitor/logininfor/index', '1', 'C', '0', '0', 'monitor:logininfor:list', 'logininfor', 'admin', '2018-03-16 11:33:00', 'ry', '2018-03-16 11:33:00', '登录日志菜单');
INSERT INTO `sys_menu` VALUES ('1001', '用户查询', '100', '1', '', '', '1', 'F', '0', '0', 'system:user:query', '#', 'admin', '2018-03-16 11:33:00', 'ry', '2018-03-16 11:33:00', '');
INSERT INTO `sys_menu` VALUES ('1002', '用户新增', '100', '2', '', '', '1', 'F', '0', '0', 'system:user:add', '#', 'admin', '2018-03-16 11:33:00', 'ry', '2018-03-16 11:33:00', '');
INSERT INTO `sys_menu` VALUES ('1003', '用户修改', '100', '3', '', '', '1', 'F', '0', '0', 'system:user:edit', '#', 'admin', '2018-03-16 11:33:00', 'ry', '2018-03-16 11:33:00', '');
INSERT INTO `sys_menu` VALUES ('1004', '用户删除', '100', '4', '', '', '1', 'F', '0', '0', 'system:user:remove', '#', 'admin', '2018-03-16 11:33:00', 'ry', '2018-03-16 11:33:00', '');
INSERT INTO `sys_menu` VALUES ('1005', '用户导出', '100', '5', '', '', '1', 'F', '0', '0', 'system:user:export', '#', 'admin', '2018-03-16 11:33:00', 'ry', '2018-03-16 11:33:00', '');
INSERT INTO `sys_menu` VALUES ('1006', '用户导入', '100', '6', '', '', '1', 'F', '0', '0', 'system:user:import', '#', 'admin', '2018-03-16 11:33:00', 'ry', '2018-03-16 11:33:00', '');
INSERT INTO `sys_menu` VALUES ('1007', '重置密码', '100', '7', '', '', '1', 'F', '0', '0', 'system:user:resetPwd', '#', 'admin', '2018-03-16 11:33:00', 'ry', '2018-03-16 11:33:00', '');
INSERT INTO `sys_menu` VALUES ('1008', '角色查询', '101', '1', '', '', '1', 'F', '0', '0', 'system:role:query', '#', 'admin', '2018-03-16 11:33:00', 'ry', '2018-03-16 11:33:00', '');
INSERT INTO `sys_menu` VALUES ('1009', '角色新增', '101', '2', '', '', '1', 'F', '0', '0', 'system:role:add', '#', 'admin', '2018-03-16 11:33:00', 'ry', '2018-03-16 11:33:00', '');
INSERT INTO `sys_menu` VALUES ('1010', '角色修改', '101', '3', '', '', '1', 'F', '0', '0', 'system:role:edit', '#', 'admin', '2018-03-16 11:33:00', 'ry', '2018-03-16 11:33:00', '');
INSERT INTO `sys_menu` VALUES ('1011', '角色删除', '101', '4', '', '', '1', 'F', '0', '0', 'system:role:remove', '#', 'admin', '2018-03-16 11:33:00', 'ry', '2018-03-16 11:33:00', '');
INSERT INTO `sys_menu` VALUES ('1012', '角色导出', '101', '5', '', '', '1', 'F', '0', '0', 'system:role:export', '#', 'admin', '2018-03-16 11:33:00', 'ry', '2018-03-16 11:33:00', '');
INSERT INTO `sys_menu` VALUES ('1013', '菜单查询', '102', '1', '', '', '1', 'F', '0', '0', 'system:menu:query', '#', 'admin', '2018-03-16 11:33:00', 'ry', '2018-03-16 11:33:00', '');
INSERT INTO `sys_menu` VALUES ('1014', '菜单新增', '102', '2', '', '', '1', 'F', '0', '0', 'system:menu:add', '#', 'admin', '2018-03-16 11:33:00', 'ry', '2018-03-16 11:33:00', '');
INSERT INTO `sys_menu` VALUES ('1015', '菜单修改', '102', '3', '', '', '1', 'F', '0', '0', 'system:menu:edit', '#', 'admin', '2018-03-16 11:33:00', 'ry', '2018-03-16 11:33:00', '');
INSERT INTO `sys_menu` VALUES ('1016', '菜单删除', '102', '4', '', '', '1', 'F', '0', '0', 'system:menu:remove', '#', 'admin', '2018-03-16 11:33:00', 'ry', '2018-03-16 11:33:00', '');
INSERT INTO `sys_menu` VALUES ('1017', '部门查询', '103', '1', '', '', '1', 'F', '0', '0', 'system:dept:query', '#', 'admin', '2018-03-16 11:33:00', 'ry', '2018-03-16 11:33:00', '');
INSERT INTO `sys_menu` VALUES ('1018', '部门新增', '103', '2', '', '', '1', 'F', '0', '0', 'system:dept:add', '#', 'admin', '2018-03-16 11:33:00', 'ry', '2018-03-16 11:33:00', '');
INSERT INTO `sys_menu` VALUES ('1019', '部门修改', '103', '3', '', '', '1', 'F', '0', '0', 'system:dept:edit', '#', 'admin', '2018-03-16 11:33:00', 'ry', '2018-03-16 11:33:00', '');
INSERT INTO `sys_menu` VALUES ('1020', '部门删除', '103', '4', '', '', '1', 'F', '0', '0', 'system:dept:remove', '#', 'admin', '2018-03-16 11:33:00', 'ry', '2018-03-16 11:33:00', '');
INSERT INTO `sys_menu` VALUES ('1021', '岗位查询', '104', '1', '', '', '1', 'F', '0', '0', 'system:post:query', '#', 'admin', '2018-03-16 11:33:00', 'ry', '2018-03-16 11:33:00', '');
INSERT INTO `sys_menu` VALUES ('1022', '岗位新增', '104', '2', '', '', '1', 'F', '0', '0', 'system:post:add', '#', 'admin', '2018-03-16 11:33:00', 'ry', '2018-03-16 11:33:00', '');
INSERT INTO `sys_menu` VALUES ('1023', '岗位修改', '104', '3', '', '', '1', 'F', '0', '0', 'system:post:edit', '#', 'admin', '2018-03-16 11:33:00', 'ry', '2018-03-16 11:33:00', '');
INSERT INTO `sys_menu` VALUES ('1024', '岗位删除', '104', '4', '', '', '1', 'F', '0', '0', 'system:post:remove', '#', 'admin', '2018-03-16 11:33:00', 'ry', '2018-03-16 11:33:00', '');
INSERT INTO `sys_menu` VALUES ('1025', '岗位导出', '104', '5', '', '', '1', 'F', '0', '0', 'system:post:export', '#', 'admin', '2018-03-16 11:33:00', 'ry', '2018-03-16 11:33:00', '');
INSERT INTO `sys_menu` VALUES ('1026', '字典查询', '105', '1', '#', '', '1', 'F', '0', '0', 'system:dict:query', '#', 'admin', '2018-03-16 11:33:00', 'ry', '2018-03-16 11:33:00', '');
INSERT INTO `sys_menu` VALUES ('1027', '字典新增', '105', '2', '#', '', '1', 'F', '0', '0', 'system:dict:add', '#', 'admin', '2018-03-16 11:33:00', 'ry', '2018-03-16 11:33:00', '');
INSERT INTO `sys_menu` VALUES ('1028', '字典修改', '105', '3', '#', '', '1', 'F', '0', '0', 'system:dict:edit', '#', 'admin', '2018-03-16 11:33:00', 'ry', '2018-03-16 11:33:00', '');
INSERT INTO `sys_menu` VALUES ('1029', '字典删除', '105', '4', '#', '', '1', 'F', '0', '0', 'system:dict:remove', '#', 'admin', '2018-03-16 11:33:00', 'ry', '2018-03-16 11:33:00', '');
INSERT INTO `sys_menu` VALUES ('1030', '字典导出', '105', '5', '#', '', '1', 'F', '0', '0', 'system:dict:export', '#', 'admin', '2018-03-16 11:33:00', 'ry', '2018-03-16 11:33:00', '');
INSERT INTO `sys_menu` VALUES ('1031', '参数查询', '106', '1', '#', '', '1', 'F', '0', '0', 'system:config:query', '#', 'admin', '2018-03-16 11:33:00', 'ry', '2018-03-16 11:33:00', '');
INSERT INTO `sys_menu` VALUES ('1032', '参数新增', '106', '2', '#', '', '1', 'F', '0', '0', 'system:config:add', '#', 'admin', '2018-03-16 11:33:00', 'ry', '2018-03-16 11:33:00', '');
INSERT INTO `sys_menu` VALUES ('1033', '参数修改', '106', '3', '#', '', '1', 'F', '0', '0', 'system:config:edit', '#', 'admin', '2018-03-16 11:33:00', 'ry', '2018-03-16 11:33:00', '');
INSERT INTO `sys_menu` VALUES ('1034', '参数删除', '106', '4', '#', '', '1', 'F', '0', '0', 'system:config:remove', '#', 'admin', '2018-03-16 11:33:00', 'ry', '2018-03-16 11:33:00', '');
INSERT INTO `sys_menu` VALUES ('1035', '参数导出', '106', '5', '#', '', '1', 'F', '0', '0', 'system:config:export', '#', 'admin', '2018-03-16 11:33:00', 'ry', '2018-03-16 11:33:00', '');
INSERT INTO `sys_menu` VALUES ('1040', '操作查询', '500', '1', '#', '', '1', 'F', '0', '0', 'monitor:operlog:query', '#', 'admin', '2018-03-16 11:33:00', 'ry', '2018-03-16 11:33:00', '');
INSERT INTO `sys_menu` VALUES ('1041', '操作删除', '500', '2', '#', '', '1', 'F', '0', '0', 'monitor:operlog:remove', '#', 'admin', '2018-03-16 11:33:00', 'ry', '2018-03-16 11:33:00', '');
INSERT INTO `sys_menu` VALUES ('1042', '日志导出', '500', '4', '#', '', '1', 'F', '0', '0', 'monitor:operlog:export', '#', 'admin', '2018-03-16 11:33:00', 'ry', '2018-03-16 11:33:00', '');
INSERT INTO `sys_menu` VALUES ('1043', '登录查询', '501', '1', '#', '', '1', 'F', '0', '0', 'monitor:logininfor:query', '#', 'admin', '2018-03-16 11:33:00', 'ry', '2018-03-16 11:33:00', '');
INSERT INTO `sys_menu` VALUES ('1044', '登录删除', '501', '2', '#', '', '1', 'F', '0', '0', 'monitor:logininfor:remove', '#', 'admin', '2018-03-16 11:33:00', 'ry', '2018-03-16 11:33:00', '');
INSERT INTO `sys_menu` VALUES ('1045', '日志导出', '501', '3', '#', '', '1', 'F', '0', '0', 'monitor:logininfor:export', '#', 'admin', '2018-03-16 11:33:00', 'ry', '2018-03-16 11:33:00', '');
INSERT INTO `sys_menu` VALUES ('1046', '在线查询', '109', '1', '#', '', '1', 'F', '0', '0', 'monitor:online:query', '#', 'admin', '2018-03-16 11:33:00', 'ry', '2018-03-16 11:33:00', '');
INSERT INTO `sys_menu` VALUES ('1047', '批量强退', '109', '2', '#', '', '1', 'F', '0', '0', 'monitor:online:batchLogout', '#', 'admin', '2018-03-16 11:33:00', 'ry', '2018-03-16 11:33:00', '');
INSERT INTO `sys_menu` VALUES ('1048', '单条强退', '109', '3', '#', '', '1', 'F', '0', '0', 'monitor:online:forceLogout', '#', 'admin', '2018-03-16 11:33:00', 'ry', '2018-03-16 11:33:00', '');
INSERT INTO `sys_menu` VALUES ('1049', '任务查询', '110', '1', '#', '', '1', 'F', '0', '0', 'monitor:job:query', '#', 'admin', '2018-03-16 11:33:00', 'ry', '2018-03-16 11:33:00', '');
INSERT INTO `sys_menu` VALUES ('1050', '任务新增', '110', '2', '#', '', '1', 'F', '0', '0', 'monitor:job:add', '#', 'admin', '2018-03-16 11:33:00', 'ry', '2018-03-16 11:33:00', '');
INSERT INTO `sys_menu` VALUES ('1051', '任务修改', '110', '3', '#', '', '1', 'F', '0', '0', 'monitor:job:edit', '#', 'admin', '2018-03-16 11:33:00', 'ry', '2018-03-16 11:33:00', '');
INSERT INTO `sys_menu` VALUES ('1052', '任务删除', '110', '4', '#', '', '1', 'F', '0', '0', 'monitor:job:remove', '#', 'admin', '2018-03-16 11:33:00', 'ry', '2018-03-16 11:33:00', '');
INSERT INTO `sys_menu` VALUES ('1053', '状态修改', '110', '5', '#', '', '1', 'F', '0', '0', 'monitor:job:changeStatus', '#', 'admin', '2018-03-16 11:33:00', 'ry', '2018-03-16 11:33:00', '');
INSERT INTO `sys_menu` VALUES ('1054', '任务导出', '110', '7', '#', '', '1', 'F', '0', '0', 'monitor:job:export', '#', 'admin', '2018-03-16 11:33:00', 'ry', '2018-03-16 11:33:00', '');
INSERT INTO `sys_menu` VALUES ('1055', '生成查询', '114', '1', '#', '', '1', 'F', '0', '0', 'tool:gen:query', '#', 'admin', '2018-03-16 11:33:00', 'ry', '2018-03-16 11:33:00', '');
INSERT INTO `sys_menu` VALUES ('1056', '生成修改', '114', '2', '#', '', '1', 'F', '0', '0', 'tool:gen:edit', '#', 'admin', '2018-03-16 11:33:00', 'ry', '2018-03-16 11:33:00', '');
INSERT INTO `sys_menu` VALUES ('1057', '生成删除', '114', '3', '#', '', '1', 'F', '0', '0', 'tool:gen:remove', '#', 'admin', '2018-03-16 11:33:00', 'ry', '2018-03-16 11:33:00', '');
INSERT INTO `sys_menu` VALUES ('1058', '导入代码', '114', '2', '#', '', '1', 'F', '0', '0', 'tool:gen:import', '#', 'admin', '2018-03-16 11:33:00', 'ry', '2018-03-16 11:33:00', '');
INSERT INTO `sys_menu` VALUES ('1059', '预览代码', '114', '4', '#', '', '1', 'F', '0', '0', 'tool:gen:preview', '#', 'admin', '2018-03-16 11:33:00', 'ry', '2018-03-16 11:33:00', '');
INSERT INTO `sys_menu` VALUES ('1060', '生成代码', '114', '5', '#', '', '1', 'F', '0', '0', 'tool:gen:code', '#', 'admin', '2018-03-16 11:33:00', 'ry', '2018-03-16 11:33:00', '');

-- ----------------------------
-- Table structure for sys_oper_log
-- ----------------------------
DROP TABLE IF EXISTS `sys_oper_log`;
CREATE TABLE `sys_oper_log` (
  `oper_id` bigint(20) NOT NULL AUTO_INCREMENT COMMENT '日志主键',
  `title` varchar(50) DEFAULT '' COMMENT '模块标题',
  `business_type` int(2) DEFAULT '0' COMMENT '业务类型（0其它 1新增 2修改 3删除）',
  `method` varchar(100) DEFAULT '' COMMENT '方法名称',
  `request_method` varchar(10) DEFAULT '' COMMENT '请求方式',
  `operator_type` int(1) DEFAULT '0' COMMENT '操作类别（0其它 1后台用户 2手机端用户）',
  `oper_name` varchar(50) DEFAULT '' COMMENT '操作人员',
  `dept_name` varchar(50) DEFAULT '' COMMENT '部门名称',
  `oper_url` varchar(255) DEFAULT '' COMMENT '请求URL',
  `oper_ip` varchar(50) DEFAULT '' COMMENT '主机地址',
  `oper_location` varchar(255) DEFAULT '' COMMENT '操作地点',
  `oper_param` varchar(2000) DEFAULT '' COMMENT '请求参数',
  `json_result` varchar(2000) DEFAULT '' COMMENT '返回参数',
  `status` int(1) DEFAULT '0' COMMENT '操作状态（0正常 1异常）',
  `error_msg` varchar(2000) DEFAULT '' COMMENT '错误消息',
  `oper_time` datetime DEFAULT NULL COMMENT '操作时间',
  PRIMARY KEY (`oper_id`)
) ENGINE=InnoDB AUTO_INCREMENT=10 DEFAULT CHARSET=utf8mb4 COMMENT='操作日志记录';

-- ----------------------------
-- Records of sys_oper_log
-- ----------------------------
INSERT INTO `sys_oper_log` VALUES ('1', '操作日志', '9', 'com.mm.admin.project.monitor.controller.SysOperlogController.clean()', 'DELETE', '1', 'yq', null, '/monitor/operlog/clean', '127.0.0.1', '内网IP', '{}', '{\"msg\":\"操作成功\",\"code\":200}', '0', null, '2020-06-29 16:22:06');
INSERT INTO `sys_oper_log` VALUES ('2', '字典类型', '3', 'com.mm.admin.project.system.controller.SysDictTypeController.remove()', 'DELETE', '1', 'admin', null, '/system/dict/type/7', '127.0.0.1', '内网IP', '{dictIds=7}', 'null', '1', '通知类型已分配,不能删除', '2020-06-29 16:32:39');
INSERT INTO `sys_oper_log` VALUES ('3', '字典类型', '3', 'com.mm.admin.project.system.controller.SysDictTypeController.remove()', 'DELETE', '1', 'admin', null, '/system/dict/type/8', '127.0.0.1', '内网IP', '{dictIds=8}', 'null', '1', '通知状态已分配,不能删除', '2020-06-29 16:32:58');
INSERT INTO `sys_oper_log` VALUES ('4', '字典类型', '3', 'com.mm.admin.project.system.controller.SysDictDataController.remove()', 'DELETE', '1', 'admin', null, '/system/dict/data/17', '127.0.0.1', '内网IP', '{dictCodes=17}', '{\"msg\":\"操作成功\",\"code\":200}', '0', null, '2020-06-29 16:34:00');
INSERT INTO `sys_oper_log` VALUES ('5', '字典类型', '3', 'com.mm.admin.project.system.controller.SysDictDataController.remove()', 'DELETE', '1', 'admin', null, '/system/dict/data/16', '127.0.0.1', '内网IP', '{dictCodes=16}', '{\"msg\":\"操作成功\",\"code\":200}', '0', null, '2020-06-29 16:34:03');
INSERT INTO `sys_oper_log` VALUES ('6', '字典类型', '3', 'com.mm.admin.project.system.controller.SysDictTypeController.remove()', 'DELETE', '1', 'admin', null, '/system/dict/type/8', '127.0.0.1', '内网IP', '{dictIds=8}', '{\"msg\":\"操作成功\",\"code\":200}', '0', null, '2020-06-29 16:34:12');
INSERT INTO `sys_oper_log` VALUES ('7', '字典类型', '3', 'com.mm.admin.project.system.controller.SysDictDataController.remove()', 'DELETE', '1', 'admin', null, '/system/dict/data/15', '127.0.0.1', '内网IP', '{dictCodes=15}', '{\"msg\":\"操作成功\",\"code\":200}', '0', null, '2020-06-29 16:34:18');
INSERT INTO `sys_oper_log` VALUES ('8', '字典类型', '3', 'com.mm.admin.project.system.controller.SysDictDataController.remove()', 'DELETE', '1', 'admin', null, '/system/dict/data/14', '127.0.0.1', '内网IP', '{dictCodes=14}', '{\"msg\":\"操作成功\",\"code\":200}', '0', null, '2020-06-29 16:34:21');
INSERT INTO `sys_oper_log` VALUES ('9', '字典类型', '3', 'com.mm.admin.project.system.controller.SysDictTypeController.remove()', 'DELETE', '1', 'admin', null, '/system/dict/type/7', '127.0.0.1', '内网IP', '{dictIds=7}', '{\"msg\":\"操作成功\",\"code\":200}', '0', null, '2020-06-29 16:34:29');

-- ----------------------------
-- Table structure for sys_post
-- ----------------------------
DROP TABLE IF EXISTS `sys_post`;
CREATE TABLE `sys_post` (
  `post_id` bigint(20) NOT NULL AUTO_INCREMENT COMMENT '岗位ID',
  `post_code` varchar(64) NOT NULL COMMENT '岗位编码',
  `post_name` varchar(50) NOT NULL COMMENT '岗位名称',
  `post_sort` int(4) NOT NULL COMMENT '显示顺序',
  `status` char(1) NOT NULL COMMENT '状态（0正常 1停用）',
  `create_by` varchar(64) DEFAULT '' COMMENT '创建者',
  `create_time` datetime DEFAULT NULL COMMENT '创建时间',
  `update_by` varchar(64) DEFAULT '' COMMENT '更新者',
  `update_time` datetime DEFAULT NULL COMMENT '更新时间',
  `remark` varchar(500) DEFAULT NULL COMMENT '备注',
  PRIMARY KEY (`post_id`)
) ENGINE=InnoDB AUTO_INCREMENT=5 DEFAULT CHARSET=utf8mb4 COMMENT='岗位信息表';

-- ----------------------------
-- Records of sys_post
-- ----------------------------
INSERT INTO `sys_post` VALUES ('1', 'ceo', '大佬', '1', '0', 'admin', '2018-03-16 11:33:00', 'admin', '2020-06-29 14:49:26', '');
INSERT INTO `sys_post` VALUES ('2', 'pm', '产品经理', '2', '0', 'admin', '2018-03-16 11:33:00', 'admin', '2020-06-29 14:48:52', '');
INSERT INTO `sys_post` VALUES ('3', 'op', '运营', '3', '0', 'admin', '2018-03-16 11:33:00', 'admin', '2020-06-29 14:48:15', '');
INSERT INTO `sys_post` VALUES ('4', 'dev', '研发', '4', '0', 'admin', '2018-03-16 11:33:00', 'admin', '2020-06-29 14:48:36', '');

-- ----------------------------
-- Table structure for sys_role
-- ----------------------------
DROP TABLE IF EXISTS `sys_role`;
CREATE TABLE `sys_role` (
  `role_id` bigint(20) NOT NULL AUTO_INCREMENT COMMENT '角色ID',
  `role_name` varchar(30) NOT NULL COMMENT '角色名称',
  `role_key` varchar(100) NOT NULL COMMENT '角色权限字符串',
  `role_sort` int(4) NOT NULL COMMENT '显示顺序',
  `data_scope` char(1) DEFAULT '1' COMMENT '数据范围（1：全部数据权限 2：自定数据权限 3：本部门数据权限 4：本部门及以下数据权限）',
  `status` char(1) NOT NULL COMMENT '角色状态（0正常 1停用）',
  `del_flag` char(1) DEFAULT '0' COMMENT '删除标志（0代表存在 2代表删除）',
  `create_by` varchar(64) DEFAULT '' COMMENT '创建者',
  `create_time` datetime DEFAULT NULL COMMENT '创建时间',
  `update_by` varchar(64) DEFAULT '' COMMENT '更新者',
  `update_time` datetime DEFAULT NULL COMMENT '更新时间',
  `remark` varchar(500) DEFAULT NULL COMMENT '备注',
  PRIMARY KEY (`role_id`)
) ENGINE=InnoDB AUTO_INCREMENT=3 DEFAULT CHARSET=utf8mb4 COMMENT='角色信息表';

-- ----------------------------
-- Records of sys_role
-- ----------------------------
INSERT INTO `sys_role` VALUES ('1', '管理员', 'admin', '1', '1', '0', '0', 'admin', '2018-03-16 11:33:00', 'ry', '2018-03-16 11:33:00', '管理员');
INSERT INTO `sys_role` VALUES ('2', '运营', 'common', '2', '2', '0', '0', 'admin', '2018-03-16 11:33:00', 'admin', '2020-06-29 16:16:28', '普通角色');

-- ----------------------------
-- Table structure for sys_role_dept
-- ----------------------------
DROP TABLE IF EXISTS `sys_role_dept`;
CREATE TABLE `sys_role_dept` (
  `role_id` bigint(20) NOT NULL COMMENT '角色ID',
  `dept_id` bigint(20) NOT NULL COMMENT '部门ID',
  PRIMARY KEY (`role_id`,`dept_id`)
) ENGINE=InnoDB DEFAULT CHARSET=utf8mb4 COMMENT='角色和部门关联表';

-- ----------------------------
-- Records of sys_role_dept
-- ----------------------------
INSERT INTO `sys_role_dept` VALUES ('2', '100');
INSERT INTO `sys_role_dept` VALUES ('2', '101');
INSERT INTO `sys_role_dept` VALUES ('2', '105');

-- ----------------------------
-- Table structure for sys_role_menu
-- ----------------------------
DROP TABLE IF EXISTS `sys_role_menu`;
CREATE TABLE `sys_role_menu` (
  `role_id` bigint(20) NOT NULL COMMENT '角色ID',
  `menu_id` bigint(20) NOT NULL COMMENT '菜单ID',
  PRIMARY KEY (`role_id`,`menu_id`)
) ENGINE=InnoDB DEFAULT CHARSET=utf8mb4 COMMENT='角色和菜单关联表';

-- ----------------------------
-- Records of sys_role_menu
-- ----------------------------
INSERT INTO `sys_role_menu` VALUES ('2', '1');
INSERT INTO `sys_role_menu` VALUES ('2', '4');
INSERT INTO `sys_role_menu` VALUES ('2', '100');
INSERT INTO `sys_role_menu` VALUES ('2', '101');
INSERT INTO `sys_role_menu` VALUES ('2', '102');
INSERT INTO `sys_role_menu` VALUES ('2', '103');
INSERT INTO `sys_role_menu` VALUES ('2', '104');
INSERT INTO `sys_role_menu` VALUES ('2', '105');
INSERT INTO `sys_role_menu` VALUES ('2', '106');
INSERT INTO `sys_role_menu` VALUES ('2', '108');
INSERT INTO `sys_role_menu` VALUES ('2', '109');
INSERT INTO `sys_role_menu` VALUES ('2', '500');
INSERT INTO `sys_role_menu` VALUES ('2', '501');
INSERT INTO `sys_role_menu` VALUES ('2', '1001');
INSERT INTO `sys_role_menu` VALUES ('2', '1002');
INSERT INTO `sys_role_menu` VALUES ('2', '1003');
INSERT INTO `sys_role_menu` VALUES ('2', '1004');
INSERT INTO `sys_role_menu` VALUES ('2', '1005');
INSERT INTO `sys_role_menu` VALUES ('2', '1006');
INSERT INTO `sys_role_menu` VALUES ('2', '1007');
INSERT INTO `sys_role_menu` VALUES ('2', '1008');
INSERT INTO `sys_role_menu` VALUES ('2', '1009');
INSERT INTO `sys_role_menu` VALUES ('2', '1010');
INSERT INTO `sys_role_menu` VALUES ('2', '1011');
INSERT INTO `sys_role_menu` VALUES ('2', '1012');
INSERT INTO `sys_role_menu` VALUES ('2', '1013');
INSERT INTO `sys_role_menu` VALUES ('2', '1014');
INSERT INTO `sys_role_menu` VALUES ('2', '1015');
INSERT INTO `sys_role_menu` VALUES ('2', '1016');
INSERT INTO `sys_role_menu` VALUES ('2', '1017');
INSERT INTO `sys_role_menu` VALUES ('2', '1018');
INSERT INTO `sys_role_menu` VALUES ('2', '1019');
INSERT INTO `sys_role_menu` VALUES ('2', '1020');
INSERT INTO `sys_role_menu` VALUES ('2', '1021');
INSERT INTO `sys_role_menu` VALUES ('2', '1022');
INSERT INTO `sys_role_menu` VALUES ('2', '1023');
INSERT INTO `sys_role_menu` VALUES ('2', '1024');
INSERT INTO `sys_role_menu` VALUES ('2', '1025');
INSERT INTO `sys_role_menu` VALUES ('2', '1026');
INSERT INTO `sys_role_menu` VALUES ('2', '1027');
INSERT INTO `sys_role_menu` VALUES ('2', '1028');
INSERT INTO `sys_role_menu` VALUES ('2', '1029');
INSERT INTO `sys_role_menu` VALUES ('2', '1030');
INSERT INTO `sys_role_menu` VALUES ('2', '1031');
INSERT INTO `sys_role_menu` VALUES ('2', '1032');
INSERT INTO `sys_role_menu` VALUES ('2', '1033');
INSERT INTO `sys_role_menu` VALUES ('2', '1034');
INSERT INTO `sys_role_menu` VALUES ('2', '1035');
INSERT INTO `sys_role_menu` VALUES ('2', '1040');
INSERT INTO `sys_role_menu` VALUES ('2', '1041');
INSERT INTO `sys_role_menu` VALUES ('2', '1042');
INSERT INTO `sys_role_menu` VALUES ('2', '1043');
INSERT INTO `sys_role_menu` VALUES ('2', '1044');
INSERT INTO `sys_role_menu` VALUES ('2', '1045');
INSERT INTO `sys_role_menu` VALUES ('2', '1046');
INSERT INTO `sys_role_menu` VALUES ('2', '1047');
INSERT INTO `sys_role_menu` VALUES ('2', '1048');

-- ----------------------------
-- Table structure for sys_user
-- ----------------------------
DROP TABLE IF EXISTS `sys_user`;
CREATE TABLE `sys_user` (
  `user_id` bigint(20) NOT NULL AUTO_INCREMENT COMMENT '用户ID',
  `dept_id` bigint(20) DEFAULT NULL COMMENT '部门ID',
  `user_name` varchar(30) NOT NULL COMMENT '用户账号',
  `nick_name` varchar(30) NOT NULL COMMENT '用户昵称',
  `user_type` varchar(2) DEFAULT '00' COMMENT '用户类型（00系统用户）',
  `email` varchar(50) DEFAULT '' COMMENT '用户邮箱',
  `phonenumber` varchar(11) DEFAULT '' COMMENT '手机号码',
  `sex` char(1) DEFAULT '0' COMMENT '用户性别（0男 1女 2未知）',
  `avatar` varchar(100) DEFAULT '' COMMENT '头像地址',
  `password` varchar(100) DEFAULT '' COMMENT '密码',
  `status` char(1) DEFAULT '0' COMMENT '帐号状态（0正常 1停用）',
  `del_flag` char(1) DEFAULT '0' COMMENT '删除标志（0代表存在 2代表删除）',
  `login_ip` varchar(50) DEFAULT '' COMMENT '最后登陆IP',
  `login_date` datetime DEFAULT NULL COMMENT '最后登陆时间',
  `create_by` varchar(64) DEFAULT '' COMMENT '创建者',
  `create_time` datetime DEFAULT NULL COMMENT '创建时间',
  `update_by` varchar(64) DEFAULT '' COMMENT '更新者',
  `update_time` datetime DEFAULT NULL COMMENT '更新时间',
  `remark` varchar(500) DEFAULT NULL COMMENT '备注',
  PRIMARY KEY (`user_id`)
) ENGINE=InnoDB AUTO_INCREMENT=4 DEFAULT CHARSET=utf8mb4 COMMENT='用户信息表';

-- ----------------------------
-- Records of sys_user
-- ----------------------------
INSERT INTO `sys_user` VALUES ('1', '100', 'admin', '某某', '00', 'mm@163.com', '15888888888', '1', '', '$2a$10$7JB720yubVSZvUI0rEqK/.VqGOZTH.ulu33dHOiBE8ByOhJIrdAu2', '0', '0', '127.0.0.1', '2018-03-16 11:33:00', 'admin', '2018-03-16 11:33:00', 'ry', '2018-03-16 11:33:00', '管理员');
INSERT INTO `sys_user` VALUES ('3', '111', 'yq', 'yq', '00', 'yq@qq.com', '13400001111', '0', '', '$2a$10$A188/TyTZAvkkBQpKybIzeu9HXxHaS92ndSFTNRN4APyO4Z53GhxW', '0', '0', '', null, 'admin', '2020-06-29 16:16:04', 'admin', '2020-06-29 16:18:15', null);

-- ----------------------------
-- Table structure for sys_user_post
-- ----------------------------
DROP TABLE IF EXISTS `sys_user_post`;
CREATE TABLE `sys_user_post` (
  `user_id` bigint(20) NOT NULL COMMENT '用户ID',
  `post_id` bigint(20) NOT NULL COMMENT '岗位ID',
  PRIMARY KEY (`user_id`,`post_id`)
) ENGINE=InnoDB DEFAULT CHARSET=utf8mb4 COMMENT='用户与岗位关联表';

-- ----------------------------
-- Records of sys_user_post
-- ----------------------------
INSERT INTO `sys_user_post` VALUES ('1', '1');
INSERT INTO `sys_user_post` VALUES ('2', '2');
INSERT INTO `sys_user_post` VALUES ('3', '3');

-- ----------------------------
-- Table structure for sys_user_role
-- ----------------------------
DROP TABLE IF EXISTS `sys_user_role`;
CREATE TABLE `sys_user_role` (
  `user_id` bigint(20) NOT NULL COMMENT '用户ID',
  `role_id` bigint(20) NOT NULL COMMENT '角色ID',
  PRIMARY KEY (`user_id`,`role_id`)
) ENGINE=InnoDB DEFAULT CHARSET=utf8mb4 COMMENT='用户和角色关联表';

-- ----------------------------
-- Records of sys_user_role
-- ----------------------------
INSERT INTO `sys_user_role` VALUES ('1', '1');
INSERT INTO `sys_user_role` VALUES ('2', '2');
INSERT INTO `sys_user_role` VALUES ('3', '2');
